Boston Celtics,G/F,7,"Brown, Jaylen",6 ft 6 in (1.98 m),223 lb (101 kg),1996-10-24,California
Boston Celtics,F,8,"Fitts, Malik",6 ft 6 in (1.98 m),230 lb (104 kg),1997-07-04,Saint Mary's
Boston Celtics,F,30,"Hauser, Sam",6 ft 8 in (2.03 m),218 lb (99 kg),1997-12-08,Virginia
Boston Celtics,F/C,42,"Horford, Al",6 ft 9 in (2.06 m),240 lb (109 kg),1986-06-03,Florida
Boston Celtics,F/C,40,"Kornet, Luke",7 ft 2 in (2.18 m),250 lb (113 kg),1995-07-15,Vanderbilt
Boston Celtics,F,4,"Martin, Kelan",6 ft 5 in (1.96 m),230 lb (104 kg),1995-08-03,Butler
Boston Celtics,G/F,26,"Nesmith, Aaron",6 ft 5 in (1.96 m),215 lb (98 kg),1999-10-16,Vanderbilt
Boston Celtics,G,11,"Pritchard, Payton",6 ft 1 in (1.85 m),195 lb (88 kg),1998-01-28,Oregon
Boston Celtics,F,—,"Ryan, Matt (TW)",6 ft 7 in (2.01 m),215 lb (98 kg),1997-04-17,Chattanooga
Boston Celtics,G,36,"Smart, Marcus",6 ft 3 in (1.91 m),220 lb (100 kg),1994-03-06,Oklahoma State
Boston Celtics,G/F,0,"Tatum, Jayson",6 ft 8 in (2.03 m),210 lb (95 kg),1998-03-03,Duke
Boston Celtics,F/C,27,"Theis, Daniel",6 ft 8 in (2.03 m),245 lb (111 kg),1992-04-04,Germany
Boston Celtics,G,97,"Thomas, Brodric (TW)",6 ft 5 in (1.96 m),185 lb (84 kg),1997-01-28,Truman
Boston Celtics,G,9,"White, Derrick",6 ft 4 in (1.93 m),190 lb (86 kg),1994-07-02,Colorado
Boston Celtics,F,12,"Williams, Grant",6 ft 6 in (1.98 m),236 lb (107 kg),1998-11-30,Tennessee
Boston Celtics,F/C,44,"Williams, Robert",6 ft 9 in (2.06 m),237 lb (108 kg),1997-10-17,Texas A&M
Brooklyn Nets,F/C,21,"Aldridge, LaMarcus",6 ft 11 in (2.11 m),250 lb (113 kg),1985-07-19,Texas
Brooklyn Nets,G/F,1,"Brown, Bruce",6 ft 4 in (1.93 m),202 lb (92 kg),1996-08-15,Miami (FL)
Brooklyn Nets,F/C,33,"Claxton, Nic",6 ft 11 in (2.11 m),215 lb (98 kg),1999-04-17,Georgia
Brooklyn Nets,G,30,"Curry, Seth",6 ft 2 in (1.88 m),185 lb (84 kg),1990-08-23,Duke
Brooklyn Nets,G,9,"Dragić, Goran",6 ft 3 in (1.91 m),190 lb (86 kg),1986-05-06,Slovenia
Brooklyn Nets,G,6,"Duke, David (TW)",6 ft 4 in (1.93 m),202 lb (92 kg),1999-10-13,Providence
Brooklyn Nets,C,0,"Drummond, Andre",6 ft 10 in (2.08 m),279 lb (127 kg),1993-08-10,Connecticut
Brooklyn Nets,F,7,"Durant, Kevin ",6 ft 10 in (2.08 m),240 lb (109 kg),1988-09-29,Texas
Brooklyn Nets,F,14,"Edwards, Kessler (TW)",6 ft 7 in (2.01 m),203 lb (92 kg),2000-08-09,Pepperdine
Brooklyn Nets,F,2,"Griffin, Blake",6 ft 9 in (2.06 m),250 lb (113 kg),1989-03-16,Oklahoma
Brooklyn Nets,G/F,12,"Harris, Joe ",6 ft 6 in (1.98 m),220 lb (100 kg),1991-09-07,Virginia
Brooklyn Nets,G,11,"Irving, Kyrie",6 ft 2 in (1.88 m),195 lb (88 kg),1992-03-23,Duke
Brooklyn Nets,F,16,"Johnson, James",6 ft 7 in (2.01 m),240 lb (109 kg),1987-02-20,Wake Forest
Brooklyn Nets,G,8,"Mills, Patty",6 ft 1 in (1.85 m),180 lb (82 kg),1988-08-11,Saint Mary's
Brooklyn Nets,F,20,"Sharpe, Day'Ron",6 ft 9 in (2.06 m),265 lb (120 kg),2001-11-06,North Carolina
Brooklyn Nets,G/F,10,"Simmons, Ben ",6 ft 11 in (2.11 m),240 lb (109 kg),1996-07-20,LSU
Brooklyn Nets,G,24,"Thomas, Cameron",6 ft 3 in (1.91 m),210 lb (95 kg),2001-10-13,LSU
New York Knicks,G,51,"Arcidiacono, Ryan",6 ft 3 in (1.91 m),195 lb (88 kg),1994-03-26,Villanova
New York Knicks,G/F,9,"Barrett, RJ",6 ft 6 in (1.98 m),214 lb (97 kg),2000-06-14,Duke
New York Knicks,G,18,"Burks, Alec",6 ft 6 in (1.98 m),214 lb (97 kg),1991-07-20,Colorado
New York Knicks,G/F,13,"Fournier, Evan",6 ft 7 in (2.01 m),205 lb (93 kg),1992-10-29,France
New York Knicks,F,67,"Gibson, Taj",6 ft 9 in (2.06 m),232 lb (105 kg),1985-06-24,Southern California
New York Knicks,G,6,"Grimes, Quentin",6 ft 5 in (1.96 m),205 lb (93 kg),2000-05-08,Houston
New York Knicks,G,2,"McBride, Miles",6 ft 2 in (1.88 m),200 lb (91 kg),2000-09-08,West Virginia
New York Knicks,F/C,3,"Noel, Nerlens ",6 ft 11 in (2.11 m),220 lb (100 kg),1994-04-10,Kentucky
New York Knicks,G,5,"Quickley, Immanuel",6 ft 3 in (1.91 m),190 lb (86 kg),1999-06-17,Kentucky
New York Knicks,F,30,"Randle, Julius",6 ft 8 in (2.03 m),250 lb (113 kg),1994-11-29,Kentucky
New York Knicks,G/F,21,"Reddish, Cam",6 ft 8 in (2.03 m),217 lb (98 kg),1999-09-01,Duke
New York Knicks,C,23,"Robinson, Mitchell",7 ft 0 in (2.13 m),240 lb (109 kg),1998-04-01,Chalmette HS (LA)
New York Knicks,G,4,"Rose, Derrick ",6 ft 2 in (1.88 m),200 lb (91 kg),1988-10-04,Memphis
New York Knicks,F,91,"Šamanić, Luka  (TW)",6 ft 10 in (2.08 m),227 lb (103 kg),2000-01-09,Croatia
New York Knicks,C,45,"Sims, Jericho (TW)",6 ft 9 in (2.06 m),250 lb (113 kg),1998-10-20,Texas
New York Knicks,F,1,"Toppin, Obi",6 ft 9 in (2.06 m),220 lb (100 kg),1998-03-04,Dayton
New York Knicks,G,8,"Walker, Kemba",6 ft 0 in (1.83 m),184 lb (83 kg),1990-05-08,Connecticut
Philadelphia 76ers,F/C,23,"Bassey, Charles",6 ft 10 in (2.08 m),230 lb (104 kg),2000-10-28,Western Kentucky
Philadelphia 76ers,G,16,"Brown, Charlie (TW)",6 ft 6 in (1.98 m),199 lb (90 kg),1997-02-02,Saint Joseph's
Philadelphia 76ers,C,0,"Cauley-Stein, Willie",7 ft 0 in (2.13 m),240 lb (109 kg),1993-08-18,Kentucky
Philadelphia 76ers,F/C,21,"Embiid, Joel",7 ft 0 in (2.13 m),280 lb (127 kg),1994-03-16,Kansas
Philadelphia 76ers,G,14,"Green, Danny",6 ft 6 in (1.98 m),215 lb (98 kg),1987-06-22,North Carolina
Philadelphia 76ers,G,1,"Harden, James",6 ft 5 in (1.96 m),220 lb (100 kg),1989-08-26,Arizona State
Philadelphia 76ers,F,12,"Harris, Tobias",6 ft 8 in (2.03 m),226 lb (103 kg),1992-07-15,Tennessee
Philadelphia 76ers,G,7,"Joe, Isaiah",6 ft 4 in (1.93 m),165 lb (75 kg),1999-07-02,Arkansas
Philadelphia 76ers,G/F,30,"Korkmaz, Furkan",6 ft 7 in (2.01 m),202 lb (92 kg),1997-07-24,Turkey
Philadelphia 76ers,G,0,"Maxey, Tyrese",6 ft 2 in (1.88 m),200 lb (91 kg),2000-10-04,Kentucky
Philadelphia 76ers,G/F,18,"Milton, Shake",6 ft 5 in (1.96 m),205 lb (93 kg),1996-09-26,SMU
Philadelphia 76ers,F,8,"Millsap, Paul",6 ft 7 in (2.01 m),257 lb (117 kg),1985-02-10,Louisiana Tech
Philadelphia 76ers,F,20,"Niang, Georges",6 ft 7 in (2.01 m),230 lb (104 kg),1993-06-17,Iowa State
Philadelphia 76ers,G,5,"Powell, Myles (TW)",6 ft 2 in (1.88 m),195 lb (88 kg),1997-07-07,Seton Hall
Philadelphia 76ers,F,44,"Reed, Paul",6 ft 9 in (2.06 m),210 lb (95 kg),1999-06-26,DePaul
Philadelphia 76ers,G,11,"Springer, Jaden",6 ft 3 in (1.91 m),202 lb (92 kg),2002-09-25,Tennessee
Philadelphia 76ers,G/F,22,"Thybulle, Matisse",6 ft 5 in (1.96 m),200 lb (91 kg),1997-03-04,Washington
Toronto Raptors,F,5,"Achiuwa, Precious",6 ft 8 in (2.03 m),225 lb (102 kg),1999-09-19,Memphis
Toronto Raptors,F,3,"Anunoby, OG",6 ft 7 in (2.01 m),232 lb (105 kg),1997-07-17,Indiana
Toronto Raptors,F,45,"Banton, Dalano",6 ft 7 in (2.01 m),204 lb (93 kg),1999-11-07,Nebraska
Toronto Raptors,F,4,"Barnes, Scottie",6 ft 7 in (2.01 m),225 lb (102 kg),2001-08-01,Florida State
Toronto Raptors,C,24,"Birch, Khem",6 ft 9 in (2.06 m),233 lb (106 kg),1992-09-28,UNLV
Toronto Raptors,G,17,"Bonga, Isaac",6 ft 8 in (2.03 m),180 lb (82 kg),1999-11-08,Germany
Toronto Raptors,F/C,25,"Boucher, Chris",6 ft 9 in (2.06 m),200 lb (91 kg),1993-01-11,Oregon
Toronto Raptors,G/F,11,"Champagnie, Justin (TW)",6 ft 6 in (1.98 m),206 lb (93 kg),2001-06-29,Pittsburgh
Toronto Raptors,G,22,"Flynn, Malachi",6 ft 1 in (1.85 m),175 lb (79 kg),1998-05-10,San Diego State
Toronto Raptors,G,13,"Johnson, David (TW)",6 ft 4 in (1.93 m),203 lb (92 kg),2001-02-26,Louisville
Toronto Raptors,G/F,14,"Mykhailiuk, Sviatoslav",6 ft 7 in (2.01 m),205 lb (93 kg),1997-06-10,Kansas
Toronto Raptors,F,43,"Siakam, Pascal",6 ft 8 in (2.03 m),230 lb (104 kg),1994-04-02,New Mexico State
Toronto Raptors,G/F,33,"Trent Jr., Gary",6 ft 5 in (1.96 m),209 lb (95 kg),1999-01-18,Duke
Toronto Raptors,G,23,"VanVleet, Fred",6 ft 1 in (1.85 m),197 lb (89 kg),1994-02-25,Wichita State
Toronto Raptors,G/F,18,"Watanabe, Yuta",6 ft 9 in (2.06 m),215 lb (98 kg),1994-10-13,George Washington
Toronto Raptors,F,9,"Wilson, D.J.",6 ft 10 in (2.08 m),231 lb (105 kg),1996-02-19,Michigan
Toronto Raptors,F,21,"Young, Thaddeus",6 ft 8 in (2.03 m),235 lb (107 kg),1988-06-21,Georgia Tech
Chicago Bulls,G,2,"Ball, Lonzo ",6 ft 6 in (1.98 m),190 lb (86 kg),1997-10-27,UCLA
Chicago Bulls,F/C,13,"Bradley, Tony",6 ft 10 in (2.08 m),248 lb (112 kg),1998-08-01,North Carolina
Chicago Bulls,G/F,7,"Brown, Troy",6 ft 6 in (1.98 m),215 lb (98 kg),1999-07-28,Oregon
Chicago Bulls,G,6,"Caruso, Alex ",6 ft 5 in (1.96 m),186 lb (84 kg),1994-02-28,Texas A&M
Chicago Bulls,F,25,"Cook, Tyler (TW)",6 ft 8 in (2.03 m),255 lb (116 kg),1997-09-23,Iowa
Chicago Bulls,G/F,11,"DeRozan, DeMar",6 ft 6 in (1.98 m),220 lb (100 kg),1989-08-07,Southern California
Chicago Bulls,G,12,"Dosunmu, Ayo",6 ft 4 in (1.93 m),200 lb (91 kg),2000-01-17,Illinois
Chicago Bulls,G/F,24,"Green, Javonte",6 ft 5 in (1.96 m),205 lb (93 kg),1993-07-23,Radford
Chicago Bulls,F,14,"Hill, Malcolm (TW)",6 ft 6 in (1.98 m),220 lb (100 kg),1995-10-26,Illinois
Chicago Bulls,F,5,"Jones, Derrick",6 ft 6 in (1.98 m),210 lb (95 kg),1997-02-15,UNLV
Chicago Bulls,G/F,8,"LaVine, Zach",6 ft 5 in (1.96 m),200 lb (91 kg),1995-03-10,UCLA
Chicago Bulls,C,19,"Simonović, Marko",6 ft 11 in (2.11 m),220 lb (100 kg),1999-10-15,Montenegro
Chicago Bulls,G,21,"Thomas, Matt",6 ft 3 in (1.91 m),190 lb (86 kg),1994-08-04,Iowa State
Chicago Bulls,F/C,3,"Thompson, Tristan",6 ft 9 in (2.06 m),254 lb (115 kg),1991-03-13,Texas
Chicago Bulls,C,9,"Vučević, Nikola",6 ft 10 in (2.08 m),260 lb (118 kg),1990-10-24,Southern California
Chicago Bulls,G,0,"White, Coby",6 ft 4 in (1.93 m),195 lb (88 kg),2000-02-16,North Carolina
Chicago Bulls,F,44,"Williams, Patrick ",6 ft 7 in (2.01 m),215 lb (98 kg),2001-08-26,Florida State
Cleveland Cavaliers,C,31,"Allen, Jarrett",6 ft 10 in (2.08 m),243 lb (110 kg),1998-04-21,Texas
Cleveland Cavaliers,F/C,21,"Davis, Ed",6 ft 9 in (2.06 m),220 lb (100 kg),1989-06-05,North Carolina
Cleveland Cavaliers,G,12,"Frazier, Tim",6 ft 0 in (1.83 m),170 lb (77 kg),1990-11-01,Penn State
Cleveland Cavaliers,G,10,"Garland, Darius",6 ft 1 in (1.85 m),192 lb (87 kg),2000-01-26,Vanderbilt
Cleveland Cavaliers,G,26,"Goodwin, Brandon (TW)",6 ft 0 in (1.83 m),180 lb (82 kg),1995-10-02,Florida Gulf Coast
Cleveland Cavaliers,G,3,"LeVert, Caris",6 ft 6 in (1.98 m),205 lb (93 kg),1994-08-25,Michigan
Cleveland Cavaliers,F/C,0,"Love, Kevin",6 ft 8 in (2.03 m),251 lb (114 kg),1988-09-07,UCLA
Cleveland Cavaliers,F/C,24,"Markkanen, Lauri",6 ft 11 in (2.11 m),240 lb (109 kg),1997-05-22,Arizona
Cleveland Cavaliers,C,4,"Mobley, Evan",6 ft 11 in (2.11 m),215 lb (98 kg),2001-06-18,Southern California
Cleveland Cavaliers,G,5,"Nembhard, RJ (TW)",6 ft 4 in (1.93 m),200 lb (91 kg),1999-03-22,TCU
Cleveland Cavaliers,G/F,35,"Okoro, Isaac",6 ft 5 in (1.96 m),225 lb (102 kg),2001-01-26,Auburn
Cleveland Cavaliers,F,16,"Osman, Cedi",6 ft 7 in (2.01 m),230 lb (104 kg),1995-04-08,Turkey
Cleveland Cavaliers,G,1,"Rondo, Rajon",6 ft 1 in (1.85 m),180 lb (82 kg),1986-02-22,Kentucky
Cleveland Cavaliers,G,2,"Sexton, Collin ",6 ft 1 in (1.85 m),190 lb (86 kg),1999-01-04,Alabama
Cleveland Cavaliers,F,8,"Stevens, Lamar",6 ft 6 in (1.98 m),230 lb (104 kg),1997-07-09,Penn State
Cleveland Cavaliers,F,32,"Wade, Dean",6 ft 9 in (2.06 m),228 lb (103 kg),1996-11-20,Kansas State
Cleveland Cavaliers,G/F,9,"Windler, Dylan",6 ft 6 in (1.98 m),196 lb (89 kg),1996-09-22,Belmont
Detroit Pistons,F,35,"Bagley, Marvin",6 ft 11 in (2.11 m),235 lb (107 kg),1999-03-14,Duke
Detroit Pistons,F,41,"Bey, Saddiq",6 ft 7 in (2.01 m),215 lb (98 kg),1999-04-09,Villanova
Detroit Pistons,G,2,"Cunningham, Cade",6 ft 6 in (1.98 m),220 lb (100 kg),2001-09-25,Oklahoma State
Detroit Pistons,G,6,"Diallo, Hamidou",6 ft 5 in (1.96 m),202 lb (92 kg),1998-07-31,Kentucky
Detroit Pistons,C,55,"Garza, Luka",6 ft 10 in (2.08 m),243 lb (110 kg),1998-12-27,Iowa
Detroit Pistons,F,9,"Grant, Jerami",6 ft 8 in (2.03 m),210 lb (95 kg),1994-03-12,Syracuse
Detroit Pistons,G,7,"Hayes, Killian",6 ft 5 in (1.96 m),195 lb (88 kg),2001-07-27,France
Detroit Pistons,G,5,"Jackson, Frank ",6 ft 3 in (1.91 m),205 lb (93 kg),1998-05-04,Duke
Detroit Pistons,G,18,"Joseph, Cory",6 ft 3 in (1.91 m),200 lb (91 kg),1991-08-20,Texas
Detroit Pistons,G,38,"Lee, Saben",6 ft 2 in (1.88 m),183 lb (83 kg),1999-06-23,Vanderbilt
Detroit Pistons,F,12,"Livers, Isaiah ",6 ft 6 in (1.98 m),232 lb (105 kg),1998-07-28,Michigan
Detroit Pistons,G,17,"McGruder, Rodney",6 ft 4 in (1.93 m),205 lb (93 kg),1991-07-29,Kansas State
Detroit Pistons,F/C,13,"Olynyk, Kelly",6 ft 11 in (2.11 m),240 lb (109 kg),1991-04-19,Gonzaga
Detroit Pistons,F,24,"Pickett, Jamorko  (TW)",6 ft 9 in (2.06 m),206 lb (93 kg),1997-12-24,Georgetown
Detroit Pistons,F,0,"Smith, Chris (TW)",6 ft 9 in (2.06 m),215 lb (98 kg),1999-12-24,UCLA
Detroit Pistons,F/C,28,"Stewart, Isaiah",6 ft 8 in (2.03 m),250 lb (113 kg),2001-05-22,Washington
Indiana Pacers,F/C,88,"Bitadze, Goga",6 ft 11 in (2.11 m),250 lb (113 kg),1999-07-20,Georgia
Indiana Pacers,G/F,12,"Brissett, Oshae",6 ft 7 in (2.01 m),210 lb (95 kg),1998-06-20,Syracuse
Indiana Pacers,G,7,"Brogdon, Malcolm",6 ft 5 in (1.96 m),229 lb (104 kg),1992-12-11,Virginia
Indiana Pacers,G/F,3,"Duarte, Chris",6 ft 6 in (1.98 m),190 lb (86 kg),1997-06-13,Oregon
Indiana Pacers,G,0,"Haliburton, Tyrese",6 ft 5 in (1.96 m),185 lb (84 kg),2000-02-29,Iowa State
Indiana Pacers,G,24,"Hield, Buddy",6 ft 4 in (1.93 m),220 lb (100 kg),1992-12-17,Oklahoma
Indiana Pacers,F/C,23,"Jackson, Isaiah",6 ft 10 in (2.08 m),205 lb (93 kg),2002-01-10,Kentucky
Indiana Pacers,G,9,"McConnell, T. J. ",6 ft 1 in (1.85 m),190 lb (86 kg),1992-03-25,Arizona
Indiana Pacers,G,99,"Rubio, Ricky ",6 ft 3 in (1.91 m),190 lb (86 kg),1990-10-21,Spain
Indiana Pacers,F,25,"Smith, Jalen",6 ft 10 in (2.08 m),215 lb (98 kg),2000-03-16,Maryland
Indiana Pacers,G/F,6,"Stephenson, Lance",6 ft 5 in (1.96 m),210 lb (95 kg),1990-09-05,Cincinnati
Indiana Pacers,G,28,"Sykes, Keifer",5 ft 11 in (1.80 m),167 lb (76 kg),1993-12-30,Green Bay
Indiana Pacers,F,32,"Taylor, Terry (TW)",6 ft 5 in (1.96 m),230 lb (104 kg),1999-09-23,Austin Peay
Indiana Pacers,F/C,33,"Turner, Myles ",6 ft 11 in (2.11 m),250 lb (113 kg),1996-03-24,Texas
Indiana Pacers,F,1,"Warren, T. J. ",6 ft 8 in (2.03 m),220 lb (100 kg),1993-09-05,North Carolina State
Indiana Pacers,G,4,"Washington, Duane (TW)",6 ft 2 in (1.88 m),197 lb (89 kg),2000-03-24,Ohio State
Milwaukee Bucks,G,7,"Allen, Grayson",6 ft 4 in (1.93 m),198 lb (90 kg),1995-10-08,Duke
Milwaukee Bucks,F,34,"Antetokounmpo, Giannis",6 ft 11 in (2.11 m),242 lb (110 kg),1994-12-06,Greece
Milwaukee Bucks,F,43,"Antetokounmpo, Thanasis",6 ft 6 in (1.98 m),219 lb (99 kg),1992-07-18,Greece
Milwaukee Bucks,G/F,95,"Bembry, DeAndre'",6 ft 5 in (1.96 m),210 lb (95 kg),1994-07-04,Saint Joseph's
Milwaukee Bucks,G,5,"Carter, Jevon",6 ft 1 in (1.85 m),200 lb (91 kg),1995-09-14,West Virginia
Milwaukee Bucks,G,24,"Connaughton, Pat ",6 ft 5 in (1.96 m),209 lb (95 kg),1993-01-06,Notre Dame
Milwaukee Bucks,G,3,"Hill, George ",6 ft 4 in (1.93 m),188 lb (85 kg),1986-05-04,IUPUI
Milwaukee Bucks,G,21,"Holiday, Jrue",6 ft 3 in (1.91 m),205 lb (93 kg),1990-06-12,UCLA
Milwaukee Bucks,F,25,"Ibaka, Serge",6 ft 10 in (2.08 m),235 lb (107 kg),1989-09-18,Republic of the Congo
Milwaukee Bucks,C,11,"Lopez, Brook ",7 ft 0 in (2.13 m),282 lb (128 kg),1988-04-01,Stanford
Milwaukee Bucks,F/C,54,"Mamukelashvili, Sandro (TW)",6 ft 9 in (2.06 m),240 lb (109 kg),1999-05-23,Seton Hall
Milwaukee Bucks,G,23,"Matthews, Wesley",6 ft 4 in (1.93 m),220 lb (100 kg),1986-10-14,Marquette
Milwaukee Bucks,F,22,"Middleton, Khris",6 ft 7 in (2.01 m),222 lb (101 kg),1991-08-12,Texas A&M
Milwaukee Bucks,F,13,"Nwora, Jordan",6 ft 8 in (2.03 m),225 lb (102 kg),1998-09-09,Louisville
Milwaukee Bucks,F,9,"Portis, Bobby",6 ft 10 in (2.08 m),250 lb (113 kg),1995-02-10,Arkansas
Milwaukee Bucks,G,28,"Wigginton, Lindell (TW)",6 ft 1 in (1.85 m),189 lb (86 kg),1998-03-28,Iowa State
Atlanta Hawks,G,13,"Bogdanović, Bogdan",6 ft 6 in (1.98 m),225 lb (102 kg),1992-08-18,Serbia
Atlanta Hawks,C,15,"Capela, Clint",6 ft 10 in (2.08 m),256 lb (116 kg),1994-05-18,Switzerland
Atlanta Hawks,F/C,20,"Collins, John ",6 ft 9 in (2.06 m),226 lb (103 kg),1997-09-23,Wake Forest
Atlanta Hawks,G,2,"Cooper, Sharife (TW)",6 ft 1 in (1.85 m),176 lb (80 kg),2001-06-11,Auburn
Atlanta Hawks,C,10,"Dieng, Gorgui",6 ft 10 in (2.08 m),248 lb (112 kg),1990-01-18,Louisville
Atlanta Hawks,F,8,"Gallinari, Danilo",6 ft 10 in (2.08 m),236 lb (107 kg),1988-08-08,Italy
Atlanta Hawks,G/F,3,"Huerter, Kevin",6 ft 7 in (2.01 m),198 lb (90 kg),1998-08-27,Maryland
Atlanta Hawks,G/F,12,"Hunter, De'Andre",6 ft 8 in (2.03 m),221 lb (100 kg),1997-12-02,Virginia
Atlanta Hawks,F,1,"Johnson, Jalen",6 ft 8 in (2.03 m),219 lb (99 kg),2001-12-18,Duke
Atlanta Hawks,F,5,"Knox, Kevin",6 ft 7 in (2.01 m),215 lb (98 kg),1999-08-11,Kentucky
Atlanta Hawks,G/F,7,"Luwawu-Cabarrot, Timothé",6 ft 7 in (2.01 m),215 lb (98 kg),1995-05-09,France
Atlanta Hawks,G,4,"Mays, Skylar (TW)",6 ft 4 in (1.93 m),205 lb (93 kg),1997-09-05,LSU
Atlanta Hawks,F/C,17,"Okongwu, Onyeka",6 ft 8 in (2.03 m),240 lb (109 kg),2000-12-11,Southern California
Atlanta Hawks,G,6,"Williams, Lou",6 ft 2 in (1.88 m),175 lb (79 kg),1986-10-27,South Gwinnett HS (GA)
Atlanta Hawks,G,0,"Wright, Delon",6 ft 5 in (1.96 m),185 lb (84 kg),1992-04-26,Utah
Atlanta Hawks,G,11,"Young, Trae",6 ft 1 in (1.85 m),164 lb (74 kg),1998-09-19,Oklahoma
Charlotte Hornets,G,2,"Ball, LaMelo",6 ft 7 in (2.01 m),180 lb (82 kg),2001-08-22,SPIRE Academy (OH)
Charlotte Hornets,G,5,"Bouknight, James",6 ft 4 in (1.93 m),190 lb (86 kg),2000-09-18,Connecticut
Charlotte Hornets,F,0,"Bridges, Miles",6 ft 7 in (2.01 m),225 lb (102 kg),1998-03-21,Michigan State
Charlotte Hornets,F/C,8,"Harrell, Montrezl",6 ft 7 in (2.01 m),240 lb (109 kg),1994-01-26,Louisville
Charlotte Hornets,F,20,"Hayward, Gordon ",6 ft 7 in (2.01 m),225 lb (102 kg),1990-03-23,Butler
Charlotte Hornets,F/C,23,"Jones, Kai",6 ft 10 in (2.08 m),221 lb (100 kg),2001-01-19,Texas
Charlotte Hornets,F,98,"Kulboka, Arnoldas (TW)",6 ft 10 in (2.08 m),209 lb (95 kg),1998-01-04,Lithuania
Charlotte Hornets,G,16,"Lewis, Scottie (TW)",6 ft 5 in (1.96 m),185 lb (84 kg),2000-03-12,Florida
Charlotte Hornets,F,11,"Martin, Cody ",6 ft 6 in (1.98 m),205 lb (93 kg),1995-09-28,Nevada
Charlotte Hornets,F/C,6,"McDaniels, Jalen ",6 ft 9 in (2.06 m),205 lb (93 kg),1998-01-31,San Diego State
Charlotte Hornets,G/F,12,"Oubre, Kelly",6 ft 6 in (1.98 m),203 lb (92 kg),1995-12-09,Kansas
Charlotte Hornets,F/C,24,"Plumlee, Mason",6 ft 11 in (2.11 m),254 lb (115 kg),1990-03-05,Duke
Charlotte Hornets,C,14,"Richards, Nick",7 ft 0 in (2.13 m),245 lb (111 kg),1997-11-29,Kentucky
Charlotte Hornets,G,3,"Rozier, Terry",6 ft 1 in (1.85 m),190 lb (86 kg),1994-03-17,Louisville
Charlotte Hornets,G,–,"Thomas, Isaiah",5 ft 9 in (1.75 m),185 lb (84 kg),1989-02-07,Washington
Charlotte Hornets,F,21,"Thor, JT",6 ft 9 in (2.06 m),203 lb (92 kg),2002-08-26,Auburn
Charlotte Hornets,F,25,"Washington, P. J.",6 ft 7 in (2.01 m),230 lb (104 kg),1998-08-23,Kentucky
Miami Heat,F/C,13,"Adebayo, Bam",6 ft 9 in (2.06 m),255 lb (116 kg),1997-07-18,Kentucky
Miami Heat,F,22,"Butler, Jimmy",6 ft 7 in (2.01 m),230 lb (104 kg),1989-09-14,Marquette
Miami Heat,C,21,"Dedmon, Dewayne",7 ft 0 in (2.13 m),245 lb (111 kg),1989-08-12,Southern California
Miami Heat,G,5,"Guy, Kyle (TW)",6 ft 1 in (1.85 m),167 lb (76 kg),1997-06-11,Virginia
Miami Heat,F,40,"Haslem, Udonis",6 ft 8 in (2.03 m),235 lb (107 kg),1980-06-09,Florida
Miami Heat,G,14,"Herro, Tyler",6 ft 5 in (1.96 m),195 lb (88 kg),2000-01-20,Kentucky
Miami Heat,F,24,"Highsmith, Haywood",6 ft 4 in (1.93 m),220 lb (100 kg),1996-12-09,Wheeling
Miami Heat,G,7,"Lowry, Kyle",6 ft 0 in (1.83 m),196 lb (89 kg),1986-03-25,Villanova
Miami Heat,F,16,"Martin, Caleb",6 ft 5 in (1.96 m),205 lb (93 kg),1995-09-28,Nevada
Miami Heat,F,8,"Morris, Markieff ",6 ft 9 in (2.06 m),245 lb (111 kg),1989-09-02,Kansas
Miami Heat,G,4,"Oladipo, Victor ",6 ft 4 in (1.93 m),213 lb (97 kg),1992-05-04,Indiana
Miami Heat,F,55,"Robinson, Duncan",6 ft 7 in (2.01 m),215 lb (98 kg),1994-04-22,Michigan
Miami Heat,G,15,"Smart, Javonte (TW)",6 ft 4 in (1.93 m),205 lb (93 kg),1996-06-03,LSU
Miami Heat,G/F,31,"Strus, Max",6 ft 5 in (1.96 m),215 lb (98 kg),1996-03-28,DePaul
Miami Heat,F,17,"Tucker, P. J.",6 ft 5 in (1.96 m),245 lb (111 kg),1985-05-05,Texas
Miami Heat,G,2,"Vincent, Gabe",6 ft 3 in (1.91 m),200 lb (91 kg),1996-06-14,UC Santa Barbara
Miami Heat,C,77,"Yurtseven, Ömer",7 ft 0 in (2.13 m),275 lb (125 kg),1998-06-19,Georgetown
Orlando Magic,G,50,"Anthony, Cole",6 ft 3 in (1.91 m),185 lb (84 kg),2000-05-15,North Carolina
Orlando Magic,C,5,"Bamba, Mo",7 ft 0 in (2.13 m),231 lb (105 kg),1998-05-12,Texas
Orlando Magic,F/C,10,"Bol, Bol ",7 ft 2 in (2.18 m),220 lb (100 kg),1999-11-16,Oregon
Orlando Magic,F,17,"Brazdeikis, Ignas (TW)",6 ft 6 in (1.98 m),221 lb (100 kg),1999-01-08,Michigan
Orlando Magic,C,34,"Carter, Wendell",6 ft 10 in (2.08 m),270 lb (122 kg),1999-04-16,Duke
Orlando Magic,G,20,"Fultz, Markelle",6 ft 3 in (1.91 m),209 lb (95 kg),1998-05-29,Washington
Orlando Magic,G,13,"Hampton, R. J.",6 ft 4 in (1.93 m),175 lb (79 kg),2001-02-07,Little Elm (TX)
Orlando Magic,G,14,"Harris, Gary",6 ft 4 in (1.93 m),210 lb (95 kg),1994-09-14,Michigan State
Orlando Magic,F,1,"Isaac, Jonathan ",6 ft 11 in (2.11 m),230 lb (104 kg),1997-10-03,Florida State
Orlando Magic,C,33,"Lopez, Robin",7 ft 0 in (2.13 m),281 lb (127 kg),1988-04-01,Stanford
Orlando Magic,F,3,"Okeke, Chuma",6 ft 6 in (1.98 m),229 lb (104 kg),1998-08-18,Auburn
Orlando Magic,G/F,31,"Ross, Terrence",6 ft 6 in (1.98 m),206 lb (93 kg),1991-02-05,Washington
Orlando Magic,F,25,"Schofield, Admiral (TW)",6 ft 5 in (1.96 m),241 lb (109 kg),1997-03-30,Tennessee
Orlando Magic,G,4,"Suggs, Jalen",6 ft 5 in (1.96 m),205 lb (93 kg),2001-06-03,Gonzaga
Orlando Magic,F,22,"Wagner, Franz",6 ft 10 in (2.08 m),220 lb (100 kg),2001-08-27,Michigan
Orlando Magic,F/C,21,"Wagner, Moritz ",6 ft 11 in (2.11 m),245 lb (111 kg),1997-04-26,Michigan
Washington Wizards,F,9,"Avdija, Deni",6 ft 9 in (2.06 m),210 lb (95 kg),2001-01-03,Israel
Washington Wizards,G,17,"Ayayi, Joël (TW)",6 ft 5 in (1.96 m),180 lb (82 kg),2000-03-05,Gonzaga
Washington Wizards,G,3,"Beal, Bradley ",6 ft 3 in (1.91 m),207 lb (94 kg),1993-06-28,Florida
Washington Wizards,F/C,13,"Bryant, Thomas",6 ft 10 in (2.08 m),248 lb (112 kg),1997-07-31,Indiana
Washington Wizards,G,1,"Caldwell-Pope, Kentavious",6 ft 5 in (1.96 m),204 lb (93 kg),1993-02-18,Georgia
Washington Wizards,F/C,22,"Carey, Vernon",6 ft 9 in (2.06 m),270 lb (122 kg),2001-02-25,Duke
Washington Wizards,F/C,21,"Gafford, Daniel",6 ft 10 in (2.08 m),234 lb (106 kg),1998-10-01,Arkansas
Washington Wizards,F,16,"Gill, Anthony",6 ft 7 in (2.01 m),230 lb (104 kg),1992-10-17,Virginia
Washington Wizards,F,8,"Hachimura, Rui",6 ft 8 in (2.03 m),230 lb (104 kg),1998-02-08,Gonzaga
Washington Wizards,F,24,"Kispert, Corey",6 ft 6 in (1.98 m),224 lb (102 kg),1999-03-03,Gonzaga
Washington Wizards,F,33,"Kuzma, Kyle",6 ft 10 in (2.08 m),221 lb (100 kg),1995-07-24,Utah
Washington Wizards,G,19,"Neto, Raul",6 ft 1 in (1.85 m),180 lb (82 kg),1992-05-19,Brazil
Washington Wizards,F/C,6,"Porziņģis, Kristaps ",7 ft 3 in (2.21 m),240 lb (109 kg),1995-08-02,Latvia
Washington Wizards,G,31,"Satoranský, Tomáš",6 ft 7 in (2.01 m),210 lb (95 kg),1991-10-30,Czech Republic
Washington Wizards,G,4,"Smith, Ish",6 ft 0 in (1.83 m),175 lb (79 kg),1988-07-05,Wake Forest
Washington Wizards,F,14,"Todd, Isaiah (GL)",6 ft 9 in (2.06 m),219 lb (99 kg),2001-10-17,Word of God (NC)
Washington Wizards,G,5,"Winston, Cassius (TW)",6 ft 1 in (1.85 m),185 lb (84 kg),1998-02-28,Michigan State
Denver Nuggets,G,5,"Barton, Will",6 ft 6 in (1.98 m),181 lb (82 kg),1991-01-06,Memphis
Denver Nuggets,G,7,"Campazzo, Facundo",5 ft 10 in (1.78 m),195 lb (88 kg),1991-03-23,Argentina
Denver Nuggets,F,31,"Čančar, Vlatko ",6 ft 8 in (2.03 m),236 lb (107 kg),1997-04-10,Slovenia
Denver Nuggets,C,4,"Cousins, DeMarcus",6 ft 11 in (2.11 m),270 lb (122 kg),1990–08–13,Kentucky
Denver Nuggets,G,6,"Forbes, Bryn",6 ft 2 in (1.88 m),195 lb (88 kg),1993-07-23,Michigan State
Denver Nuggets,F,50,"Gordon, Aaron",6 ft 8 in (2.03 m),235 lb (107 kg),1995-09-16,Arizona
Denver Nuggets,F/C,0,"Green, JaMychal",6 ft 8 in (2.03 m),227 lb (103 kg),1990-06-21,Alabama
Denver Nuggets,F,32,"Green, Jeff",6 ft 8 in (2.03 m),235 lb (107 kg),1986-08-28,Georgetown
Denver Nuggets,G,0,"Howard, Markus (TW)",5 ft 10 in (1.78 m),175 lb (79 kg),1999-03-03,Marquette
Denver Nuggets,G,3,"Hyland, Nah'Shon",6 ft 2 in (1.88 m),169 lb (77 kg),2000-09-14,Virginia Commonwealth
Denver Nuggets,C,15,"Jokić, Nikola",6 ft 11 in (2.11 m),284 lb (129 kg),1995-02-19,Serbia
Denver Nuggets,G,11,"Morris, Monté",6 ft 2 in (1.88 m),183 lb (83 kg),1995-06-27,Iowa State
Denver Nuggets,G,27,"Murray, Jamal ",6 ft 3 in (1.91 m),215 lb (98 kg),1997-02-23,Kentucky
Denver Nuggets,F/C,22,"Nnaji, Zeke ",6 ft 9 in (2.06 m),240 lb (109 kg),2001-01-09,Arizona
Denver Nuggets,F,1,"Porter, Michael ",6 ft 10 in (2.08 m),218 lb (99 kg),1998-06-29,Missouri
Denver Nuggets,G,9,"Reed, Davon (TW)",6 ft 5 in (1.96 m),208 lb (94 kg),1995-06-11,Miami (FL)
Denver Nuggets,G,25,"Rivers, Austin",6 ft 4 in (1.93 m),200 lb (91 kg),1992-08-01,Duke
Minnesota Timberwolves,G,5,"Beasley, Malik",6 ft 4 in (1.93 m),187 lb (85 kg),1996-11-26,Florida State
Minnesota Timberwolves,G,22,"Beverley, Patrick",6 ft 1 in (1.85 m),180 lb (82 kg),1988-07-12,Arkansas
Minnesota Timberwolves,F,9,"Bolmaro, Leandro",6 ft 7 in (2.01 m),200 lb (91 kg),2000-09-11,Argentina
Minnesota Timberwolves,G,1,"Edwards, Anthony",6 ft 4 in (1.93 m),225 lb (102 kg),2001-08-05,Georgia
Minnesota Timberwolves,F/C,13,"Knight, Nathan (TW)",6 ft 10 in (2.08 m),253 lb (115 kg),1997-09-20,William & Mary
Minnesota Timberwolves,F,10,"Layman, Jake",6 ft 8 in (2.03 m),209 lb (95 kg),1994-03-07,Maryland
Minnesota Timberwolves,F,3,"McDaniels, Jaden",6 ft 9 in (2.06 m),185 lb (84 kg),2000-09-29,Washington
Minnesota Timberwolves,G,6,"McLaughlin, Jordan",5 ft 11 in (1.80 m),185 lb (84 kg),1996-04-09,Southern California
Minnesota Timberwolves,G,4,"Nowell, Jaylen",6 ft 4 in (1.93 m),201 lb (91 kg),1999-07-09,Washington
Minnesota Timberwolves,G,20,"Okogie, Josh",6 ft 4 in (1.93 m),213 lb (97 kg),1998-09-01,Georgia Tech
Minnesota Timberwolves,F,12,"Prince, Taurean",6 ft 7 in (2.01 m),218 lb (99 kg),1994-03-22,Baylor
Minnesota Timberwolves,F/C,11,"Reid, Naz",6 ft 9 in (2.06 m),264 lb (120 kg),1999-08-26,LSU
Minnesota Timberwolves,G,0,"Russell, D'Angelo",6 ft 4 in (1.93 m),193 lb (88 kg),1996-02-23,Ohio State
Minnesota Timberwolves,F/C,32,"Towns, Karl-Anthony",6 ft 11 in (2.11 m),248 lb (112 kg),1995-11-15,Kentucky
Minnesota Timberwolves,F,8,"Vanderbilt, Jarred",6 ft 9 in (2.06 m),214 lb (97 kg),1999-04-03,Kentucky
Minnesota Timberwolves,G,25,"Wright IV, McKinley  (TW)",5 ft 11 in (1.80 m),192 lb (87 kg),1998-10-25,Colorado
Oklahoma City Thunder,G/F,7,"Bazley, Darius",6 ft 8 in (2.03 m),208 lb (94 kg),2000-06-12,Princeton HS (OH)
Oklahoma City Thunder,G,5,"Dort, Luguentz",6 ft 3 in (1.91 m),215 lb (98 kg),1999-04-19,Arizona State
Oklahoma City Thunder,F,15,"Favors, Derrick",6 ft 9 in (2.06 m),265 lb (120 kg),1991-07-15,Georgia Tech
Oklahoma City Thunder,G,3,"Giddey, Josh",6 ft 8 in (2.03 m),205 lb (93 kg),2002-10-10,Australia
Oklahoma City Thunder,G/F,2,"Gilgeous-Alexander, Shai",6 ft 6 in (1.98 m),180 lb (82 kg),1998-07-12,Kentucky
Oklahoma City Thunder,G/F,16,"Jerome, Ty",6 ft 5 in (1.96 m),195 lb (88 kg),1997-07-08,Virginia
Oklahoma City Thunder,G,27,"Krejčí, Vít",6 ft 8 in (2.03 m),195 lb (88 kg),2000-06-19,Czech Republic
Oklahoma City Thunder,G,11,"Maledon, Théo",6 ft 4 in (1.93 m),175 lb (79 kg),2001-06-12,France
Oklahoma City Thunder,G,23,"Mann, Tre",6 ft 5 in (1.96 m),190 lb (86 kg),2001-02-03,Florida
Oklahoma City Thunder,F/C,33,"Muscala, Mike ",6 ft 10 in (2.08 m),240 lb (109 kg),1991-07-01,Bucknell
Oklahoma City Thunder,F,17,"Pokuševski, Aleksej",7 ft 0 in (2.13 m),190 lb (86 kg),2001-12-26,Serbia
Oklahoma City Thunder,F,50,"Robinson-Earl, Jeremiah ",6 ft 9 in (2.06 m),230 lb (104 kg),2000-11-03,Villanova
Oklahoma City Thunder,F,22,"Roby, Isaiah",6 ft 8 in (2.03 m),230 lb (104 kg),1998-02-03,Nebraska
Oklahoma City Thunder,C,30,"Sarr, Olivier (TW)",7 ft 0 in (2.13 m),240 lb (109 kg),1999–02–20,Kentucky
Oklahoma City Thunder,G,12,"Waters III, Lindy (TW)",6 ft 6 in (1.98 m),215 lb (98 kg),1997-07-28,Oklahoma State
Oklahoma City Thunder,G/F,21,"Wiggins, Aaron",6 ft 6 in (1.98 m),200 lb (91 kg),1999-01-02,Maryland
Oklahoma City Thunder,G/F,34,"Williams, Kenrich",6 ft 6 in (1.98 m),210 lb (95 kg),1994-12-02,TCU
Portland Trail Blazers,G,5,"Bledsoe, Eric ",6 ft 1 in (1.85 m),214 lb (97 kg),1989-12-09,Kentucky
Portland Trail Blazers,G,21,"Blevins, Keljin (TW)",6 ft 4 in (1.93 m),200 lb (91 kg),1995-11-24,Montana State
Portland Trail Blazers,F,4,"Brown, Greg",6 ft 7 in (2.01 m),206 lb (93 kg),2001-09-01,Texas
Portland Trail Blazers,G/F,16,"Elleby, C. J.",6 ft 6 in (1.98 m),200 lb (91 kg),2000-06-16,Washington State
Portland Trail Blazers,F/C,24,"Eubanks, Drew",6 ft 9 in (2.06 m),245 lb (111 kg),1997-02-01,Oregon State
Portland Trail Blazers,G,11,"Hart, Josh",6 ft 5 in (1.96 m),215 lb (98 kg),1995-03-06,Villanova
Portland Trail Blazers,G,19,"Hughes, Elijah",6 ft 5 in (1.96 m),215 lb (98 kg),1998-03-10,Syracuse
Portland Trail Blazers,G/F,0,"Ingles, Joe ",6 ft 8 in (2.03 m),220 lb (100 kg),1987-10-02,Australia
Portland Trail Blazers,G,6,"Johnson, Keon ",6 ft 4 in (1.93 m),185 lb (84 kg),2002-03-10,Tennessee
Portland Trail Blazers,G,0,"Lillard, Damian ",6 ft 2 in (1.88 m),195 lb (88 kg),1990-07-15,Weber State
Portland Trail Blazers,G/F,9,"Little, Nassir ",6 ft 5 in (1.96 m),220 lb (100 kg),2000-02-11,North Carolina
Portland Trail Blazers,G,35,"Louzada, Didi ",6 ft 5 in (1.96 m),188 lb (85 kg),1999-07-02,Brazil
Portland Trail Blazers,G,23,"McLemore, Ben",6 ft 3 in (1.91 m),195 lb (88 kg),1993-02-11,Kansas
Portland Trail Blazers,C,27,"Nurkić, Jusuf ",6 ft 11 in (2.11 m),290 lb (132 kg),1994-08-23,Bosnia and Herzegovina
Portland Trail Blazers,G,1,"Simons, Anfernee",6 ft 3 in (1.91 m),181 lb (82 kg),1999-06-08,IMG Academy (FL)
Portland Trail Blazers,F,2,"Watford, Trendon",6 ft 8 in (2.03 m),237 lb (108 kg),2000-11-09,LSU
Portland Trail Blazers,G,8,"Williams, Brandon (TW)",6 ft 2 in (1.88 m),190 lb (86 kg),1999-11-22,Arizona
Portland Trail Blazers,G/F,26,"Winslow, Justise",6 ft 6 in (1.98 m),222 lb (101 kg),1997-03-18,Duke
Utah Jazz,G,6,"Alexander-Walker, Nickeil",6 ft 5 in (1.96 m),205 lb (93 kg),1998-09-02,Virginia Tech
Utah Jazz,F/C,20,"Azubuike, Udoka",7 ft 0 in (2.13 m),270 lb (122 kg),1999-09-17,Kansas
Utah Jazz,F,44,"Bogdanović, Bojan",6 ft 7 in (2.01 m),226 lb (103 kg),1989-04-18,Croatia
Utah Jazz,G,13,"Butler, Jared",6 ft 3 in (1.91 m),193 lb (88 kg),2000-08-25,Baylor
Utah Jazz,G,0,"Clarkson, Jordan",6 ft 4 in (1.93 m),194 lb (88 kg),1992-06-07,Missouri
Utah Jazz,G,11,"Conley, Mike",6 ft 1 in (1.85 m),175 lb (79 kg),1987-10-11,Ohio State
Utah Jazz,G,3,"Forrest, Trent (TW)",6 ft 4 in (1.93 m),210 lb (95 kg),1998-06-12,Florida State
Utah Jazz,G/F,8,"Gay, Rudy ",6 ft 8 in (2.03 m),250 lb (113 kg),1986-08-17,Connecticut
Utah Jazz,C,27,"Gobert, Rudy",7 ft 1 in (2.16 m),258 lb (117 kg),1992-06-26,France
Utah Jazz,F,41,"Hernangómez, Juancho",6 ft 9 in (2.06 m),214 lb (97 kg),1995-09-28,Spain
Utah Jazz,F,25,"House, Danuel",6 ft 7 in (2.01 m),220 lb (100 kg),1993-06-07,Texas A&M
Utah Jazz,G,45,"Mitchell, Donovan",6 ft 1 in (1.85 m),215 lb (98 kg),1996-09-07,Louisville
Utah Jazz,F,23,"O'Neale, Royce",6 ft 5 in (1.96 m),226 lb (103 kg),1993-06-05,Baylor
Utah Jazz,F,0,"Paschall, Eric",6 ft 6 in (1.98 m),255 lb (116 kg),1996-11-04,Villanova
Utah Jazz,F,19,"Sneed, Xavier (TW)",6 ft 5 in (1.96 m),215 lb (98 kg),1997-12-21,Kansas State
Utah Jazz,C,21,"Whiteside, Hassan",7 ft 0 in (2.13 m),265 lb (120 kg),1989-06-13,Marshall
Golden State Warriors,F,8,"Bjelica, Nemanja",6 ft 10 in (2.08 m),234 lb (106 kg),1988-05-09,Serbia
Golden State Warriors,G,2,"Chiozza, Chris (TW)",5 ft 11 in (1.80 m),175 lb (79 kg),1995-11-25,Florida
Golden State Warriors,G,30,"Curry, Stephen",6 ft 3 in (1.91 m),185 lb (84 kg),1988-03-14,Davidson
Golden State Warriors,F,23,"Green, Draymond ",6 ft 6 in (1.98 m),230 lb (104 kg),1990-03-04,Michigan State
Golden State Warriors,G/F,9,"Iguodala, Andre ",6 ft 6 in (1.98 m),215 lb (98 kg),1984-01-28,Arizona
Golden State Warriors,F,0,"Kuminga, Jonathan",6 ft 7 in (2.01 m),225 lb (102 kg),2002-10-06,The Patrick School (NJ)
Golden State Warriors,G/F,1,"Lee, Damion",6 ft 5 in (1.96 m),210 lb (95 kg),1992-10-21,Louisville
Golden State Warriors,F,5,"Looney, Kevon",6 ft 9 in (2.06 m),222 lb (101 kg),1996-02-06,UCLA
Golden State Warriors,G,4,"Moody, Moses",6 ft 5 in (1.96 m),211 lb (96 kg),2002-05-31,Arkansas
Golden State Warriors,G,0,"Payton II, Gary",6 ft 3 in (1.91 m),195 lb (88 kg),1992-12-01,Oregon State
Golden State Warriors,G,3,"Poole, Jordan",6 ft 4 in (1.93 m),194 lb (88 kg),1999-06-19,Michigan
Golden State Warriors,F,32,"Porter, Otto",6 ft 8 in (2.03 m),198 lb (90 kg),1993-06-03,Georgetown
Golden State Warriors,G,11,"Thompson, Klay",6 ft 6 in (1.98 m),215 lb (98 kg),1990-02-08,Washington State
Golden State Warriors,F,95,"Toscano-Anderson, Juan",6 ft 6 in (1.98 m),209 lb (95 kg),1993-04-10,Marquette
Golden State Warriors,G,12,"Weatherspoon, Quinndary (TW)",6 ft 3 in (1.91 m),205 lb (93 kg),1996-09-10,Mississippi State
Golden State Warriors,F,22,"Wiggins, Andrew",6 ft 7 in (2.01 m),197 lb (89 kg),1995-02-23,Kansas
Golden State Warriors,C,33,"Wiseman, James ",7 ft 0 in (2.13 m),240 lb (109 kg),2001-03-31,Memphis
Los Angeles Clippers,G/F,33,"Batum, Nicolas",6 ft 8 in (2.03 m),230 lb (104 kg),1988-12-14,France
Los Angeles Clippers,G,4,"Boston, Brandon",6 ft 6 in (1.98 m),188 lb (85 kg),2001-11-28,Kentucky
Los Angeles Clippers,G/F,7,"Coffey, Amir (TW)",6 ft 7 in (2.01 m),210 lb (95 kg),1997-06-17,Minnesota
Los Angeles Clippers,F,23,"Covington, Robert",6 ft 4 in (1.93 m),185 lb (84 kg),1990-12-14,Tennessee State
Los Angeles Clippers,G/F,13,"George, Paul ",6 ft 8 in (2.03 m),220 lb (100 kg),1990-05-02,Fresno State
Los Angeles Clippers,F/C,55,"Hartenstein, Isaiah",7 ft 0 in (2.13 m),250 lb (113 kg),1998-05-05,Germany
Los Angeles Clippers,G/F,22,"Hood, Rodney",6 ft 8 in (2.03 m),208 lb (94 kg),1992-10-20,Duke
Los Angeles Clippers,G,1,"Jackson, Reggie",6 ft 2 in (1.88 m),208 lb (94 kg),1990-04-16,Boston College
Los Angeles Clippers,G,5,"Kennard, Luke",6 ft 5 in (1.96 m),206 lb (93 kg),1996-06-24,Duke
Los Angeles Clippers,F,2,"Leonard, Kawhi ",6 ft 7 in (2.01 m),225 lb (102 kg),1991-06-29,San Diego State
Los Angeles Clippers,G/F,14,"Mann, Terance",6 ft 5 in (1.96 m),215 lb (98 kg),1996-10-18,Florida State
Los Angeles Clippers,F,8,"Morris, Marcus",6 ft 8 in (2.03 m),218 lb (99 kg),1989-09-02,Kansas
Los Angeles Clippers,F,37,"Ojeleye, Semi",6 ft 6 in (1.98 m),240 lb (109 kg),1994-12-05,SMU
Los Angeles Clippers,G/F,24,"Powell, Norman ",6 ft 3 in (1.91 m),215 lb (98 kg),1989-05-25,UCLA
Los Angeles Clippers,G,17,"Preston, Jason ",6 ft 3 in (1.91 m),181 lb (82 kg),1999-08-10,Ohio
Los Angeles Clippers,G,0,"Scrubb, Jay  (TW)",6 ft 5 in (1.96 m),220 lb (100 kg),2000-09-01,John A. Logan
Los Angeles Clippers,C,40,"Zubac, Ivica",7 ft 0 in (2.13 m),240 lb (109 kg),1997-03-18,Croatia
Los Angeles Lakers,F,7,"Anthony, Carmelo",6 ft 7 in (2.01 m),238 lb (108 kg),1984-05-29,Syracuse
Los Angeles Lakers,F,1,"Ariza, Trevor",6 ft 8 in (2.03 m),215 lb (98 kg),1985-06-30,UCLA
Los Angeles Lakers,G,4,"Augustin, D.J.",5 ft 11 in (1.80 m),183 lb (83 kg),1987-11-10,Texas
Los Angeles Lakers,G/F,9,"Bazemore, Kent",6 ft 4 in (1.93 m),195 lb (88 kg),1989-07-01,Old Dominion
Los Angeles Lakers,G,20,"Bradley, Avery ",6 ft 3 in (1.91 m),180 lb (82 kg),1990-11-26,Texas
Los Angeles Lakers,F/C,3,"Davis, Anthony ",6 ft 10 in (2.08 m),253 lb (115 kg),1993-03-11,Kentucky
Los Angeles Lakers,G,2,"Ellington, Wayne",6 ft 4 in (1.93 m),207 lb (94 kg),1987-11-29,North Carolina
Los Angeles Lakers,F,35,"Gabriel, Wenyen (TW)",6 ft 9 in (2.06 m),205 lb (93 kg),1997-03-26,Kentucky
Los Angeles Lakers,G,5,"Horton-Tucker, Talen",6 ft 4 in (1.93 m),234 lb (106 kg),2000-11-25,Iowa State
Los Angeles Lakers,F/C,39,"Howard, Dwight",6 ft 10 in (2.08 m),265 lb (120 kg),1985-12-08,SACA (GA)
Los Angeles Lakers,F,6,"James, LeBron",6 ft 9 in (2.06 m),250 lb (113 kg),1984-12-30,St. Vincent-St. Mary HS (OH)
Los Angeles Lakers,F,14,"Johnson, Stanley",6 ft 6 in (1.98 m),242 lb (110 kg),1996-05-29,Arizona
Los Angeles Lakers,G,40,"Jones, Mason (TW)",6 ft 4 in (1.93 m),200 lb (91 kg),1998-07-21,Arkansas
Los Angeles Lakers,G,11,"Monk, Malik",6 ft 3 in (1.91 m),200 lb (91 kg),1998-02-04,Kentucky
Los Angeles Lakers,G,12,"Nunn, Kendrick ",6 ft 2 in (1.88 m),190 lb (86 kg),1995-08-03,Oakland
Los Angeles Lakers,G,15,"Reaves, Austin",6 ft 5 in (1.96 m),206 lb (93 kg),1998-05-29,Oklahoma
Los Angeles Lakers,G,0,"Westbrook, Russell",6 ft 3 in (1.91 m),200 lb (91 kg),1988-11-12,UCLA
Phoenix Suns,C,22,"Ayton, Deandre",6 ft 11 in (2.11 m),250 lb (113 kg),1998-07-23,Arizona
Phoenix Suns,C,18,"Biyombo, Bismack",6 ft 8 in (2.03 m),255 lb (116 kg),1992-08-28,Republic of the Congo
Phoenix Suns,G,1,"Booker, Devin",6 ft 5 in (1.96 m),206 lb (93 kg),1996-10-30,Kentucky
Phoenix Suns,F,25,"Bridges, Mikal",6 ft 6 in (1.98 m),209 lb (95 kg),1996-08-30,Villanova
Phoenix Suns,G,0,"Craig, Torrey",6 ft 7 in (2.01 m),221 lb (100 kg),1992-03-25,USC Upstate
Phoenix Suns,F,99,"Crowder, Jae",6 ft 6 in (1.98 m),235 lb (107 kg),1990-07-06,Marquette
Phoenix Suns,G,4,"Holiday, Aaron",6 ft 0 in (1.83 m),185 lb (84 kg),1996-09-30,UCLA
Phoenix Suns,F,23,"Johnson, Cameron",6 ft 8 in (2.03 m),210 lb (95 kg),1996-03-03,North Carolina
Phoenix Suns,F/C,8,"Kaminsky, Frank ",7 ft 0 in (2.13 m),240 lb (109 kg),1993-04-04,Wisconsin
Phoenix Suns,C,0,"McGee, JaVale",7 ft 0 in (2.13 m),270 lb (122 kg),1988-01-19,Nevada
Phoenix Suns,G,3,"Paul, Chris ",6 ft 0 in (1.83 m),175 lb (79 kg),1985-05-06,Wake Forest
Phoenix Suns,G,15,"Payne, Cameron ",6 ft 1 in (1.85 m),183 lb (83 kg),1994-08-08,Murray State
Phoenix Suns,G,2,"Payton, Elfrid",6 ft 3 in (1.91 m),195 lb (88 kg),1994-02-22,Louisiana
Phoenix Suns,F,20,"Šarić, Dario ",6 ft 11 in (2.11 m),225 lb (102 kg),1994-04-08,Croatia
Phoenix Suns,G,14,"Shamet, Landry ",6 ft 4 in (1.93 m),190 lb (86 kg),1997-03-13,Wichita State
Phoenix Suns,F,12,"Wainright, Ishmail (TW)",6 ft 5 in (1.96 m),250 lb (113 kg),1994-09-12,Baylor
Sacramento Kings,F,40,"Barnes, Harrison",6 ft 8 in (2.03 m),225 lb (102 kg),1992-05-30,North Carolina
Sacramento Kings,G,3,"Davis, Terence ",6 ft 4 in (1.93 m),201 lb (91 kg),1997-05-16,Mississippi
Sacramento Kings,G,0,"DiVincenzo, Donte",6 ft 4 in (1.93 m),203 lb (92 kg),1997-01-31,Villanova
Sacramento Kings,G,5,"Fox, De'Aaron",6 ft 3 in (1.91 m),185 lb (84 kg),1997-12-20,Kentucky
Sacramento Kings,G/F,8,"Harkless, Maurice",6 ft 7 in (2.01 m),220 lb (100 kg),1993-05-11,St. John's
Sacramento Kings,G/F,9,"Holiday, Justin",6 ft 6 in (1.98 m),180 lb (82 kg),1989-04-05,Washington
Sacramento Kings,F,22,"Holmes, Richaun",6 ft 10 in (2.08 m),235 lb (107 kg),1993-10-15,Bowling Green
Sacramento Kings,G/F,55,"Jackson, Josh",6 ft 8 in (2.03 m),207 lb (94 kg),1997-02-10,Kansas
Sacramento Kings,C,30,"Jones, Damian",6 ft 11 in (2.11 m),245 lb (111 kg),1995-06-30,Vanderbilt
Sacramento Kings,G/F,26,"Lamb, Jeremy ",6 ft 5 in (1.96 m),180 lb (82 kg),1992-05-30,Connecticut
Sacramento Kings,C,25,"Len, Alex",7 ft 0 in (2.13 m),250 lb (113 kg),1993-06-16,Maryland
Sacramento Kings,F,41,"Lyles, Trey",6 ft 9 in (2.06 m),234 lb (106 kg),1995-11-05,Kentucky
Sacramento Kings,F/C,7,"Metu, Chimezie",6 ft 9 in (2.06 m),225 lb (102 kg),1997-03-22,Southern California
Sacramento Kings,G,15,"Mitchell, Davion",6 ft 0 in (1.83 m),202 lb (92 kg),1998-09-05,Baylor
Sacramento Kings,C,88,"Queta, Neemias (TW)",6 ft 11 in (2.11 m),248 lb (112 kg),1999-07-13,Utah State
Sacramento Kings,F/C,10,"Sabonis, Domantas",6 ft 11 in (2.11 m),240 lb (109 kg),1996-05-03,Gonzaga
Dallas Mavericks,F,44,"Bertāns, Dāvis",6 ft 10 in (2.08 m),225 lb (102 kg),1992-11-12,Latvia
Dallas Mavericks,G/F,0,"Brown, Sterling",6 ft 5 in (1.96 m),219 lb (99 kg),1995-02-10,SMU
Dallas Mavericks,G,13,"Brunson, Jalen",6 ft 1 in (1.85 m),190 lb (86 kg),1996-08-31,Villanova
Dallas Mavericks,G/F,25,"Bullock, Reggie",6 ft 6 in (1.98 m),205 lb (93 kg),1991-03-16,North Carolina
Dallas Mavericks,G,3,"Burke, Trey",6 ft 0 in (1.83 m),185 lb (84 kg),1992-11-12,Michigan
Dallas Mavericks,F,32,"Chriss, Marquese ",6 ft 9 in (2.06 m),240 lb (109 kg),1997-07-02,Washington
Dallas Mavericks,G,26,"Dinwiddie, Spencer",6 ft 5 in (1.96 m),215 lb (98 kg),1993-04-06,Colorado
Dallas Mavericks,G/F,77,"Dončić, Luka",6 ft 7 in (2.01 m),230 lb (104 kg),1999-02-28,Slovenia
Dallas Mavericks,F,10,"Finney-Smith, Dorian",6 ft 7 in (2.01 m),220 lb (100 kg),1993-05-04,Florida
Dallas Mavericks,G,8,"Green, Josh",6 ft 5 in (1.96 m),200 lb (91 kg),2000-11-16,Arizona
Dallas Mavericks,G/F,11,"Hardaway, Tim ",6 ft 5 in (1.96 m),205 lb (93 kg),1992-03-16,Michigan
Dallas Mavericks,F,42,"Kleber, Maxi",6 ft 10 in (2.08 m),240 lb (109 kg),1992-01-29,Germany
Dallas Mavericks,C,51,"Marjanović, Boban",7 ft 3 in (2.21 m),290 lb (132 kg),1988-08-15,Serbia
Dallas Mavericks,G,21,"Ntilikina, Frank",6 ft 4 in (1.93 m),200 lb (91 kg),1998-07-28,France
Dallas Mavericks,G/F,1,"Pinson, Theo  (TW)",6 ft 5 in (1.96 m),212 lb (96 kg),1995-11-05,North Carolina
Dallas Mavericks,F/C,7,"Powell, Dwight",6 ft 10 in (2.08 m),240 lb (109 kg),1991-07-20,Stanford
Dallas Mavericks,F,5,"Wright, Moses (TW)",6 ft 8 in (2.03 m),226 lb (103 kg),1998-12-23,Georgia Tech
Houston Rockets,G,9,"Christopher, Josh",6 ft 3 in (1.91 m),215 lb (98 kg),2001-12-08,Arizona State
Houston Rockets,F/C,20,"Fernando, Bruno",6 ft 9 in (2.06 m),240 lb (109 kg),1998-08-15,Maryland
Houston Rockets,F,16,"Garuba, Usman ",6 ft 8 in (2.03 m),229 lb (104 kg),2002-03-09,Spain
Houston Rockets,G,10,"Gordon, Eric",6 ft 3 in (1.91 m),215 lb (98 kg),1988-12-25,Indiana
Houston Rockets,G,0,"Green, Jalen",6 ft 4 in (1.93 m),186 lb (84 kg),2002-02-09,Prolific Prep (CA)
Houston Rockets,F,6,"Martin, Kenyon",6 ft 6 in (1.98 m),215 lb (98 kg),2001-01-06,IMG Academy (FL)
Houston Rockets,G,25,"Mathews, Garrison",6 ft 5 in (1.96 m),215 lb (98 kg),1996-10-24,Lipscomb
Houston Rockets,G,15,"Nix, Daishen",6 ft 3 in (1.91 m),226 lb (103 kg),2002-02-13,Trinity International (NV)
Houston Rockets,G/F,2,"Nwaba, David",6 ft 5 in (1.96 m),219 lb (99 kg),1993-01-14,Cal Poly San Luis Obispo
Houston Rockets,G/F,3,"Porter, Kevin",6 ft 4 in (1.93 m),203 lb (92 kg),2000-05-04,Southern California
Houston Rockets,G,21,"Queen, Trevelin (TW)",6 ft 6 in (1.98 m),190 lb (86 kg),1997-02-25,New Mexico State
Houston Rockets,G,17,"Schröder, Dennis",6 ft 3 in (1.91 m),172 lb (78 kg),1993-09-15,Germany
Houston Rockets,C,28,"Şengün, Alperen",6 ft 10 in (2.08 m),243 lb (110 kg),2002-07-25,Turkey
Houston Rockets,F,8,"Tate, Jae'Sean",6 ft 4 in (1.93 m),230 lb (104 kg),1995-10-28,Ohio State
Houston Rockets,G,1,"Wall, John ",6 ft 3 in (1.91 m),210 lb (95 kg),1990-09-06,Kentucky
Houston Rockets,F,35,"Wood, Christian",6 ft 10 in (2.08 m),214 lb (97 kg),1995-09-27,UNLV
Memphis Grizzlies,C,4,"Adams, Steven",6 ft 11 in (2.11 m),265 lb (120 kg),1993-07-20,Pittsburgh
Memphis Grizzlies,F/C,7,"Aldama, Santi",6 ft 11 in (2.11 m),215 lb (98 kg),2001-01-10,Loyola (MD)
Memphis Grizzlies,G/F,1,"Anderson, Kyle",6 ft 9 in (2.06 m),230 lb (104 kg),1993-09-20,UCLA
Memphis Grizzlies,G,22,"Bane, Desmond",6 ft 5 in (1.96 m),215 lb (98 kg),1998-06-25,TCU
Memphis Grizzlies,G/F,24,"Brooks, Dillon ",6 ft 7 in (2.01 m),225 lb (102 kg),1996-01-22,Oregon
Memphis Grizzlies,F,15,"Clarke, Brandon",6 ft 8 in (2.03 m),215 lb (98 kg),1996-09-19,Gonzaga
Memphis Grizzlies,G/F,23,"Culver, Jarrett",6 ft 6 in (1.98 m),195 lb (88 kg),1999-02-20,Texas Tech
Memphis Grizzlies,F/C,13,"Jackson, Jaren",6 ft 11 in (2.11 m),242 lb (110 kg),1999-09-15,Michigan State
Memphis Grizzlies,G,21,"Jones, Tyus",6 ft 0 in (1.83 m),196 lb (89 kg),1996-05-10,Duke
Memphis Grizzlies,G,46,"Konchar, John",6 ft 5 in (1.96 m),210 lb (95 kg),1996-03-22,Fort Wayne
Memphis Grizzlies,G,0,"Melton, De'Anthony",6 ft 2 in (1.88 m),200 lb (91 kg),1998-05-28,Southern California
Memphis Grizzlies,G,12,"Morant, Ja",6 ft 3 in (1.91 m),174 lb (79 kg),1999-08-10,Murray State
Memphis Grizzlies,F,5,"Pons, Yves  (TW)",6 ft 6 in (1.98 m),215 lb (98 kg),1999-05-27,Tennessee
Memphis Grizzlies,G,3,"Terry, Tyrell (TW)",6 ft 2 in (1.88 m),160 lb (73 kg),2000-09-28,Stanford
Memphis Grizzlies,F/C,35,"Tillie, Killian",6 ft 9 in (2.06 m),220 lb (100 kg),1998-03-05,Gonzaga
Memphis Grizzlies,F,2,"Tillman, Xavier",6 ft 8 in (2.03 m),245 lb (111 kg),1999-01-12,Michigan State
Memphis Grizzlies,F,8,"Williams, Ziaire",6 ft 8 in (2.03 m),185 lb (84 kg),2001-09-12,Stanford
New Orleans Pelicans,G,15,"Alvarado, Jose (TW)",6 ft 0 in (1.83 m),179 lb (81 kg),1998-04-12,Georgia Tech
New Orleans Pelicans,F,12,"Clark, Gary (TW)",6 ft 6 in (1.98 m),225 lb (102 kg),1994-11-16,Cincinnati
New Orleans Pelicans,G,4,"Graham, Devonte'",6 ft 1 in (1.85 m),195 lb (88 kg),1995-02-22,Kansas
New Orleans Pelicans,F/C,10,"Hayes, Jaxson",6 ft 11 in (2.11 m),220 lb (100 kg),2000-05-23,Texas
New Orleans Pelicans,F/C,9,"Hernangómez, Willy",6 ft 11 in (2.11 m),250 lb (113 kg),1994-05-27,Spain
New Orleans Pelicans,F,14,"Ingram, Brandon",6 ft 8 in (2.03 m),190 lb (86 kg),1997-09-02,Duke
New Orleans Pelicans,F,–,"Johnson, Alize",6 ft 8 in (2.03 m),212 lb (96 kg),1996-04-22,Missouri State
New Orleans Pelicans,F,5,"Jones, Herbert",6 ft 7 in (2.01 m),206 lb (93 kg),1998-10-06,Alabama
New Orleans Pelicans,G,13,"Lewis, Kira ",6 ft 1 in (1.85 m),170 lb (77 kg),2001-04-06,Alabama
New Orleans Pelicans,F,8,"Marshall, Naji",6 ft 7 in (2.01 m),220 lb (100 kg),1998-01-24,Xavier
New Orleans Pelicans,G,3,"McCollum, CJ",6 ft 3 in (1.91 m),190 lb (86 kg),1991-09-19,Lehigh
New Orleans Pelicans,F,25,"Murphy, Trey",6 ft 8 in (2.03 m),206 lb (93 kg),2000-06-18,Virginia
New Orleans Pelicans,F/C,22,"Nance, Larry ",6 ft 7 in (2.01 m),245 lb (111 kg),1993-01-01,Wyoming
New Orleans Pelicans,G,21,"Snell, Tony",6 ft 6 in (1.98 m),213 lb (97 kg),1991-11-10,New Mexico
New Orleans Pelicans,G/F,41,"Temple, Garrett",6 ft 5 in (1.96 m),195 lb (88 kg),1986-05-08,LSU
New Orleans Pelicans,C,17,"Valančiūnas, Jonas",6 ft 11 in (2.11 m),265 lb (120 kg),1992-05-06,Lithuania
New Orleans Pelicans,F,1,"Williamson, Zion ",6 ft 6 in (1.98 m),284 lb (129 kg),2000-07-06,Duke
San Antonio Spurs,F,31,"Bates-Diop, Keita",6 ft 8 in (2.03 m),229 lb (104 kg),1996-01-23,Ohio State
San Antonio Spurs,F,16,"Cacok, Devontae (TW)",6 ft 7 in (2.01 m),240 lb (109 kg),1996-10-08,UNC Wilmington
San Antonio Spurs,F/C,23,"Collins, Zach",6 ft 11 in (2.11 m),250 lb (113 kg),1997-11-19,Gonzaga
San Antonio Spurs,G/F,3,"Johnson, Keldon",6 ft 5 in (1.96 m),220 lb (100 kg),1999-10-11,Kentucky
San Antonio Spurs,G,33,"Jones, Tre",6 ft 1 in (1.85 m),185 lb (84 kg),2000-01-08,Duke
San Antonio Spurs,C,34,"Landale, Jock",6 ft 11 in (2.11 m),255 lb (116 kg),1995-10-25,Saint Mary's
San Antonio Spurs,G/F,35,"Langford, Romeo",6 ft 4 in (1.93 m),216 lb (98 kg),1999-10-25,Indiana
San Antonio Spurs,F,17,"McDermott, Doug",6 ft 7 in (2.01 m),225 lb (102 kg),1992-01-03,Creighton
San Antonio Spurs,G,5,"Murray, Dejounte",6 ft 4 in (1.93 m),180 lb (82 kg),1996-09-19,Washington
San Antonio Spurs,C,25,"Pöltl, Jakob",7 ft 1 in (2.16 m),245 lb (111 kg),1995-10-15,Utah
San Antonio Spurs,G,11,"Primo, Joshua",6 ft 4 in (1.93 m),189 lb (86 kg),2002-12-24,Alabama
San Antonio Spurs,G,7,"Richardson, Josh",6 ft 5 in (1.96 m),200 lb (91 kg),1993-09-15,Tennessee
San Antonio Spurs,G/F,24,"Vassell, Devin",6 ft 5 in (1.96 m),200 lb (91 kg),2000-08-23,Florida State
San Antonio Spurs,G/F,1,"Walker, Lonnie",6 ft 4 in (1.93 m),204 lb (93 kg),1998-12-14,Miami (FL)
San Antonio Spurs,G/F,15,"Wieskamp, Joe (TW)",6 ft 6 in (1.98 m),205 lb (93 kg),1999-08-23,Iowa